model,condition,scenes,empty_scenes,empty_rate,gt_boxes,pred_boxes,presence_precision,presence_recall,presence_f1,derived_relation_precision,derived_relation_recall,derived_relation_f1,box_iou025_precision,box_iou025_recall,box_iou025_f1,box_iou05_precision,box_iou05_recall,box_iou05_f1
SpatialLM,clean,30,6,0.2,266,173,0.9629629629629629,0.5048543689320388,0.6624203821656051,0.9069767441860465,0.28888888888888886,0.4382022471910112,0.8265895953757225,0.5375939849624061,0.6514806378132119,0.7052023121387283,0.45864661654135336,0.5558086560364465
SpatialLM,severe_corruption,30,30,1.0,266,0,0.0,0.0,0.0,0.0,0.0,0.0,0.0,0.0,0.0,0.0,0.0,0.0
VoteNet,clean,30,2,0.06666666666666667,266,163,0.9333333333333333,0.5436893203883495,0.6871165644171778,0.5882352941176471,0.2222222222222222,0.3225806451612903,0.31901840490797545,0.19548872180451127,0.24242424242424238,0.06134969325153374,0.03759398496240601,0.04662004662004662
VoteNet,severe_corruption,30,29,0.9666666666666667,266,20,1.0,0.009708737864077669,0.01923076923076923,0.0,0.0,0.0,0.0,0.0,0.0,0.0,0.0,0.0
